01jan, 34C1, 15L0, 63O0, 32T2f, 45J1, 21X3f, 14Z0, 51P1f
02jan, 34Z0f, 21P0f, 61T3, 45J1, 15L0, 54C3, 41O0, 12X2f
03jan, 21P0, 34Z0f, 61T3, 45J1, 15L0, 54C3, 41O0, 12X2f
04jan, 34Z0f, 61T3, 15L0, 21O0, 45J1, 41P0f, 54C3, 12X2f
05jan, 34Z0f, 61T3, 15L0, 21O0, 45J1, 41P0, 54C3, 12X2f
06jan, 34Z0f, 52T1, 73P2, 21O0, 45J1, 41C1, 15L0, 12X2f
07jan, 34Z0f, 63P2f, 52T1, 21O0, 45J1, 41C1, 15L0, 12X2f
08jan, 25J1, 51Z0, 21X1, 64O0, 12P0f, 32T3, 43C2, 15L0
09jan, 12P0, 51Z0, 21X1, 25J1, 64O0, 32T3, 43C2, 15L0
10jan, 12L1, 51Z0, 21X1, 64O0, 15C0, 26T0, 44P1f, 23J1f
11jan, 54P2, 12L1, 51Z0, 21X1, 64O0, 15C0, 34T1f, 23J1f
12jan, 12L1, 51Z0, 21X1, 64O0, 15C0, 44P2f, 34T1f, 23J1f
13jan, 12L1, 51Z0, 21X1, 44O0, 15C0, 34T1f, 74P2, 23J1f
14jan, 12L1, 51Z0, 21X1, 44O0, 15C0, 34T1f, 64P2f, 23J1f
15jan, 12L1, 44C2, 51Z0, 21X1, 64O0, 25P2, 34T3f, 23J1f
16jan, 12L1, 44C2, 51Z0, 21X1, 64O0, 34T3f, 15P2f, 23J1f
17jan, 34P1, 12L1, 51Z0, 21X1, 64O0, 15C0, 26T0, 23J1f
18jan, 12L1, 44C2, 51Z0, 21X1, 34T1, 64O0, 15P2f, 23J1f
19jan, 12L1, 51Z0, 21X1, 34T1, 64O0, 15P2f, 23J1f, 44C0
20jan, 34T3, 12L1, 44P0f, 51Z0, 21X1, 15O0, 23J1f, 64C2
21jan, 34T3, 12L1, 44P0f, 64C0, 51Z0, 21X1, 15O0, 23J1f
22jan, 34T3, 12L1, 44P0f, 51Z0, 21X1, 64O0, 23J1f, 15C2
23jan, 34T3, 12L1, 44P0f, 51Z0, 21X1, 64O0, 15C0, 23J1f
24jan, 12L1, 44C2, 51Z0, 21X1, 64O0, 34T2, 16P3, 23J1f
25jan, 12L1, 44P0f, 51Z0, 21X1, 64O0, 15C0, 34T1f, 23J1f
26jan, 12L1, 51Z0, 21X1, 64O0, 15C0, 34T1f, 44P0, 23J1f
27jan, 12L1, 51Z0, 21X1, 44O0, 15C0, 34T1f, 64P0f, 23J1f
28jan, 12L1, 51Z0, 21X1, 44O0, 64P0, 15C0, 34T1f, 23J1f
29jan, 15P0f, 12L1, 44C2, 51Z0, 21X1, 64O0, 34T3f, 23J1f
30jan, 15P0, 12L1, 44C2, 51Z0, 21X1, 64O0, 34T3f, 23J1f
31jan, 12L1, 44C2, 51Z0, 21X1, 64O0, 34T2, 16P3f, 23J1f
01feb, 11C3, 41X2, 75J3f, 51Z0, 52L0, 23P2, 16O1, 44T2f
02feb, 11C3, 41X2, 75J3f, 51Z0, 52L0, 13P2f, 16O1, 44T2f
03feb, 11C3, 13P0f, 34Z0f, 75J3f, 64X1f, 41O1, 15L0, 43T0
04feb, 11C3, 55P1f, 35Z0f, 63J2f, 41O1, 24X2, 13L1, 53T2
05feb, 11C3, 55P1f, 35Z0f, 63J2f, 43T2f, 41O1, 24X2, 13L1
06feb, 11C3, 43P3, 24Z0f, 73J0, 41O1, 35T0f, 13L1, 36X1f
07feb, 11C3, 14J0f, 25P0f, 74L3, 13T0, 53X1f, 64Z1, 41O1
08feb, 11C3, 15P0, 34J0, 74L3, 13T0, 64Z1, 41O1, 53X3f
09feb, 11C3, 13T0f, 14J0f, 25P0f, 74L3, 41O1, 64Z1, 53X3f
10feb, 11C3, 14J0f, 25P0f, 74L3, 13T0, 64Z1, 41O1, 53X3f
11feb, 63J2f, 31T1, 64L3, 16P3, 43C2, 11X2f, 41O1, 14Z1f
12feb, 63J2f, 31T1, 64L3, 16P3, 43C0, 11X2f, 41O1, 14Z1f
13feb, 31T1, 16P3, 43J2, 11X2f, 41O1, 54L0, 63C2, 14Z1f
14feb, 31T1, 63C0, 16P3, 43J2, 11X2f, 41O1, 54L0, 14Z1f
15feb, 11C3, 24Z0f, 74L3, 13J1f, 41O1, 53P3f, 36X1f, 44T2f
16feb, 11C3, 13X1, 14J2, 35P2, 74L3, 64Z1, 41O1, 43T0
17feb, 11C3, 13X1, 14J2, 25P2f, 74L3, 64Z1, 41O1, 43T0
18feb, 31X2, 43L2, 44C2, 11T3f, 73J0, 41O1, 26P1f, 34Z1
19feb, 31X2, 43L2, 34Z1, 11T3f, 73J0, 41O1, 26P1f, 44C0
20feb, 31X2, 53L1, 11T3f, 43J0f, 41O1, 26P1f, 34Z1, 64C2
21feb, 31X2, 53L1, 64C0, 11T3f, 43J0f, 41O1, 26P1f, 34Z1
22feb, 31X2, 43L2, 55Z1, 11T3f, 73J0, 41O1, 34P3f, 15C2
23feb, 31X2, 43L2, 55Z1, 11T3f, 73J0, 41O1, 15C0, 34P3f
24feb, 11C3, 13X0f, 54P1, 23Z0, 43J1f, 41O1, 15L0, 55T2f
25feb, 11C3, 13X1, 15L0, 73J0, 14Z0, 41O1, 43P1, 35T0f
26feb, 11C3, 13X1, 15L0, 73J0, 14Z0, 41O1, 43P1, 35T0
27feb, 11C3, 13X1, 25L1, 55Z1, 14J2, 64P0f, 41O1, 43T0
28feb, 11C3, 13X1, 25L1, 55Z1, 14J2, 64P0, 41O1, 43T0
29feb, 11C3, 25L1, 55Z1, 63J2f, 53X0f, 41O1, 23P1, 13T3f
01mar, 14T3, 63J2f, 32Z1f, 25C2, 64L3, 11P0f, 24X1, 41O1
02mar, 14T3, 11P0, 63J2f, 32Z1f, 25C2, 64L3, 24X1, 41O1
03mar, 24J1, 14T3, 36X3f, 11O0, 53L2, 32C2, 54Z0, 41P1
04mar, 32C0, 24J1, 14T3, 36X3f, 11O0, 53L2, 54Z0, 41P1
05mar, 54L2, 51Z0, 45P1, 11C0, 36X1f, 22J2f, 41T3f, 14O0
06mar, 52Z0f, 45P1, 14O0, 11C0, 41L1, 22J2f, 36X1f, 73T1
07mar, 43Z0, 51J2f, 74L3, 14O0, 11C0, 33P2f, 36X1f, 41T2
08mar, 51Z0, 33O1, 74L3, 11C0, 64J3f, 24P2, 36X1f, 41T2
09mar, 51Z0, 33O1, 14P2f, 74L3, 11C0, 64J3f, 36X1f, 41T2
10mar, 33P1, 51Z0, 74L3, 14O0, 11C0, 64J3f, 36X1f, 41T2
11mar, 54P2, 33L1, 51Z0, 24X2f, 64O0, 14J0f, 11C0, 41T2
12mar, 33L1, 51Z0, 24X2f, 64O0, 14J0f, 44P2f, 11C0, 41T2
13mar, 33L1, 51Z0, 24X2f, 44O0, 14J0f, 11C0, 74P2, 41T2
14mar, 33L1, 51Z0, 24X2f, 44O0, 14J0f, 11C0, 64P2f, 41T2
15mar, 51Z0, 64O0, 25X3, 33L2, 16P3, 11C0, 14J3, 41T2
16mar, 33P1, 51Z0, 64O0, 11C0, 14X1, 55J3f, 15L0, 41T2
17mar, 53P2, 25J1, 51Z0, 64O0, 33X1f, 11C0, 15L0, 41T2
18mar, 44C2, 33L1, 51Z0, 11J2, 64O0, 26P1f, 23X2, 41T2
19mar, 33L1, 51Z0, 11J2, 64O0, 26P1f, 44C0, 23X2, 41T2
20mar, 33L1, 51Z0, 11J2, 44O0, 64C2, 26P1f, 23X2, 41T2
21mar, 33L1, 51Z0, 64C0, 11J2, 44O0, 26P1f, 23X2, 41T2
22mar, 51Z0, 33X0f, 64O0, 43J2f, 11C0, 35L3, 14P0f, 41T2
23mar, 51Z0, 33X0f, 14P0, 64O0, 43J2f, 11C0, 35L3, 41T2
24mar, 51Z0, 14J1f, 64O0, 33L2, 16P3, 25X1, 11C0, 41T2
25mar, 44P0f, 33L1, 51Z0, 24X2f, 64O0, 14J0f, 11C0, 41T2
26mar, 33L1, 51Z0, 24X2f, 64O0, 14J0f, 11C0, 44P0, 41T2
27mar, 33L1, 51Z0, 24X2f, 44O0, 14J0f, 11C0, 64P0f, 41T2
28mar, 33L1, 51Z0, 24X2f, 44O0, 14J0f, 64P0, 11C0, 41T2
29mar, 33L1, 51Z0, 36X3f, 44J1f, 14O0, 11C0, 55P1, 41T2
30mar, 35P0, 14T3, 24J1f, 74L3, 11C0, 63Z0f, 22X3, 41O1
31mar, 14J0f, 74L3, 24T0f, 25P3, 11C0, 63Z0f, 22X3, 41O1
01apr, 31T3, 51Z0, 74L3, 11P0f, 64J3f, 42C2, 36X1f, 14O0
02apr, 31T3, 51Z0, 11P0, 74L3, 64J3f, 42C2, 36X1f, 14O0
03apr, 51Z0, 43P2, 53T3, 64C2, 11L1, 22J1f, 36X1f, 14O0
04apr, 51Z0, 53T3, 64C2, 11L1, 22J1f, 33P2f, 36X1f, 14O0
05apr, 44O1, 73J0, 22Z0f, 26T0, 11L1, 51P0f, 42X0, 15C0
06apr, 44O1, 73J0, 22Z0f, 26T0, 11L1, 51P0, 42X0, 15C0
07apr, 51O0, 44J1f, 22Z0f, 26T0, 11L1, 55P1, 42X0, 15C0
08apr, 52J0, 51Z0, 64O0, 26T0, 11L1, 42X2, 22P0, 15C0
09apr, 52J0, 12P0, 51Z0, 64O0, 26T0, 42X2, 11L2, 15C0
10apr, 51Z0, 22J3, 64O0, 26T0, 23X3f, 11L1, 44P1f, 15C0
11apr, 54P2, 51Z0, 22J3, 64O0, 23X3f, 11L1, 34T1f, 15C0
12apr, 51Z0, 22J3, 64O0, 23X3f, 44P2f, 11L1, 34T1f, 15C0
13apr, 44C2, 51Z0, 22J3, 15O0, 23X3f, 11L1, 34T3f, 74P2
14apr, 44C2, 51Z0, 15O0, 22J3, 23X3f, 11L1, 34T3f, 64P2f
15apr, 44C2, 51Z0, 22J3, 64O0, 25P2, 23X3f, 11L1, 34T3f
16apr, 44C2, 51Z0, 22J3, 64O0, 23X3f, 11L1, 34T3f, 15P2f
17apr, 34P1, 51Z0, 22J3, 64O0, 26T0, 23X3f, 11L1, 15C0
18apr, 44C2, 51Z0, 34T1, 22J3, 64O0, 23X3f, 11L1, 15P2f
19apr, 51Z0, 34T1, 22J3, 64O0, 23X3f, 11L1, 15P2f, 44C0
20apr, 34T3, 44P0f, 51Z0, 15O0, 22J3, 23X3f, 11L1, 64C2
21apr, 34T3, 44P0f, 64C0, 51Z0, 15O0, 22J3, 23X3f, 11L1
22apr, 15C2, 34T3, 44P0f, 51Z0, 22J3, 64O0, 23X3f, 11L1
23apr, 34T3, 44P0f, 51Z0, 22J3, 64O0, 23X3f, 11L1, 15C0
24apr, 44C2, 51Z0, 22J3, 64O0, 34T2, 16P3, 23X3f, 11L1
25apr, 44P0f, 51Z0, 22J3, 64O0, 23X3f, 11L1, 34T1f, 15C0
26apr, 51Z0, 22J3, 64O0, 23X3f, 11L1, 34T1f, 44P0, 15C0
27apr, 51Z0, 22J3, 44O0, 23X3f, 11L1, 34T1f, 64P0f, 15C0
28apr, 51Z0, 22J3, 44O0, 64P0, 23X3f, 11L1, 34T1f, 15C0
29apr, 15P0f, 44C2, 51Z0, 22J3, 64O0, 23X3f, 11L1, 34T3f
30apr, 15P0, 44C2, 51Z0, 22J3, 64O0, 23X3f, 11L1, 34T3f
01may, 42P2, 74L3, 12C2, 63Z0f, 16O1, 61X0, 15J3, 11T0f
02may, 42P2, 12C0, 74L3, 63Z0f, 16O1, 61X0, 15J3, 11T0f
03may, 11T0, 74L3, 32C2, 12P2f, 63Z0f, 16O1, 61X0, 15J3
04may, 32C0, 11T0, 74L3, 63Z0f, 12P2f, 16O1, 61X0, 15J3
05may, 61Z1, 75J3f, 63P1f, 11T0, 35L3, 12C3, 34X3, 14O0
06may, 61Z1, 75J3f, 53C3, 14O0, 12P3, 35L3, 34X3, 11T0f
07may, 61Z1, 75J3f, 11T0, 53P3, 35L3, 12C3, 34X3, 14O0
08may, 61Z1, 75J3f, 53O1, 11T0, 35L3, 24P2, 12C3, 34X3
09may, 61Z1, 75J3f, 53O1, 11T0, 14P2f, 35L3, 12C3, 34X3
10may, 61Z1, 64P1f, 11T0, 45J1, 35L3, 12C3, 53X3f, 14O0
11may, 61Z1, 34J1, 11T0, 74L3, 53P3f, 12C3, 36X1f, 14O0
12may, 61Z1, 53P1, 75J3f, 11T0, 35L3, 12C3, 34X3, 14O0
13may, 61Z1, 53C1, 75J3f, 14O0, 12P3, 35L3, 34X3, 11T0f
14may, 61Z1, 75J3f, 11T0, 35L3, 53P3f, 12C3, 34X3, 14O0
15may, 61Z1, 75J3f, 53O1, 14C2, 12P3, 35L3, 34X3, 11T0f
16may, 61Z1, 75J3f, 53O1, 14C0, 12P3, 35L3, 34X3, 11T0f
17may, 43J3f, 15L0, 25C3, 55O1, 12P3, 42Z0, 61X2f, 11T0f
18may, 43J3f, 11T0, 55O1, 25P3, 15L0, 42Z0, 12C3, 61X2f
19may, 43J3f, 65P1f, 11T0, 25O1, 15L0, 42Z0, 12C3, 61X2f
20may, 43J3f, 12P3, 25O1, 55C3, 15L0, 42Z0, 61X2f, 11T0f
21may, 43J3f, 11T0, 25O1, 15L0, 42Z0, 12C3, 61X2f, 55P3
22may, 75J3f, 11T0, 14O1, 43L0, 42Z0, 12C3, 61X2f, 26P1f
23may, 75J3f, 16C3, 14O1, 43L0, 12P3, 42Z0, 61X2f, 11T0f
24may, 75J3f, 11T0, 14O1, 16P3, 43L0, 42Z0, 12C3, 61X2f
25may, 43J3f, 11T0, 55O1, 15L0, 42Z0, 12C3, 61X2f, 25P3f
26may, 43J3f, 11T0, 55P1, 25O1, 15L0, 42Z0, 12C3, 61X2f
27may, 61Z1, 53L1, 14J1f, 11T0, 25X1, 64P0f, 12C3, 16O1
28may, 61Z1, 53L1, 14J1f, 11T0, 64P0, 25X1, 12C3, 16O1
29may, 61Z1, 53L1, 14J1f, 11T0, 64O0, 25X1, 12C3, 16P1
30may, 61Z1, 53L1, 14J1f, 64O0, 16C1, 25X1, 12P3, 11T0f
31may, 61Z1, 53L1, 14J1f, 11T0, 64O0, 25X1, 16P3f, 12C3
01jun, 31C1, 15L0, 44O0, 73J0, 11P0f, 62T1, 14Z0, 42X0
02jun, 31C1, 11P0, 15L0, 44O0, 73J0, 62T1, 14Z0, 42X0
03jun, 54P2, 31C1, 15L0, 11O0, 73J0, 62T1, 42X2, 14Z0
04jun, 53P2, 32Z0f, 14T3, 31X1, 63J2f, 25C2, 64L3, 11O0
05jun, 32Z0f, 14T3, 31X1, 43P2f, 63J2f, 25C2, 64L3, 11O0
06jun, 32Z0f, 14T3, 31X1, 73P2, 25C2, 11O0, 43J2, 54L0
07jun, 32Z0f, 63P2f, 14T3, 31X1, 25C2, 11O0, 43J2, 54L0
08jun, 42C0, 34Z1f, 11O0, 73J0, 62T1, 31L1, 24P2, 36X1f
09jun, 42C0, 34Z1f, 11O0, 73J0, 14P2f, 31L1, 62T1, 36X1f
10jun, 55Z1, 42C0, 11O0, 73J0, 62T1, 31L1, 15P2f, 14X3
11jun, 43L2, 32Z0f, 54P2, 14T3, 31X1, 25C2, 11O0, 73J0
12jun, 43L2, 32Z0f, 14T3, 31X1, 25C2, 11O0, 73J0, 44P2f
13jun, 32Z0f, 53L1, 14T3, 31X1, 25C2, 11O0, 43J0f, 74P2
14jun, 32Z0f, 53L1, 14T3, 31X1, 25C2, 11O0, 43J0f, 64P2f
15jun, 35P1, 32Z1f, 24L1, 64O0, 21J1f, 11T3, 42X1, 16C3
16jun, 24C2, 32Z1f, 64O0, 21J1f, 11T3, 42X1, 44P2f, 15L0
17jun, 24C0, 32Z1f, 64O0, 21J1f, 11T3, 42X1, 44P2f, 15L0
18jun, 31X1, 44C2, 11P0, 15L0, 64O0, 42J1, 14Z0, 32T1
19jun, 31X1, 11P0, 15L0, 64O0, 42J1, 14Z0, 32T1, 44C0
20jun, 31X1, 11P0, 15L0, 44O0, 42J1, 14Z0, 32T1, 64C2
21jun, 31X1, 64C0, 11P0, 15L0, 44O0, 42J1, 14Z0, 32T1
22jun, 32L3, 31X1, 42Z1f, 73T1f, 11O0, 36J1f, 44P1f, 15C2
23jun, 32L3, 31X1, 42Z1f, 73T1f, 11O0, 36J1f, 44P1f, 15C0
24jun, 31X1, 14J2, 25C0, 42Z1f, 73T1f, 32L0, 11O0, 45P3
25jun, 31X1, 42Z1f, 32L0, 11O0, 73J0, 35T0f, 14P0f, 16C3
26jun, 31X1, 42Z1f, 32L0, 11O0, 73J0, 14P0f, 16C3, 35T0
27jun, 51T2, 11J0f, 15O0, 55Z1, 21L1, 33C0, 64P0f, 53X3f
28jun, 11J0f, 51T2, 15O0, 55Z1, 21L1, 64P0, 33C0, 53X3f
29jun, 15P0f, 11J0f, 51T2, 55Z1, 64O0, 21L1, 33C0, 53X3f
30jun, 15P0, 11J0f, 51T2, 55Z1, 64O0, 21L1, 33C0, 53X3f
01jul, 51Z0, 52X2, 64O0, 14P1, 55J3f, 15L0, 22C3, 11T0f
02jul, 51Z0, 11T0, 13C3, 64O0, 44X1f, 32P1, 55J3f, 15L0
03jul, 24J1, 14T3, 51Z0, 36X3f, 64O0, 31P0f, 52L3, 11C2
04jul, 24J1, 14T3, 51Z0, 36X3f, 64O0, 52L3, 31P0, 11C2
05jul, 61Z1, 14T3, 36X3f, 63P2, 73J0, 31L1, 11C2, 24O1
06jul, 61Z1, 53P2f, 14T3, 36X3f, 73J0, 31L1, 11C2, 24O1
07jul, 61Z1, 35P2, 63X0f, 31L1, 53J3f, 45O1, 11C2, 14T3f
08jul, 61Z1, 24X0, 35P2, 63J2f, 31L1, 45O1, 11C2, 53T2
09jul, 61Z1, 75J3f, 53O1, 35P2, 31L1, 11C2, 14T3f, 34X3
10jul, 53P1, 75J3f, 15L0, 54T2, 31X2f, 11C2, 41O1, 14Z0
11jul, 31J3, 54P2, 15L0, 64O0, 32T3f, 42X3, 11C2, 14Z0
12jul, 31J3, 15L0, 64O0, 32T3f, 44P2f, 42X3, 11C2, 14Z0
13jul, 31J3, 15L0, 44O0, 32T3f, 74P2, 42X3, 11C2, 14Z0
14jul, 31J3, 15L0, 44O0, 32T3f, 42X3, 11C2, 14Z0, 64P2f
15jul, 31J3, 13T0f, 14C2, 44O0, 11X3, 64P2f, 52Z1f, 35L3
16jul, 31J3, 13T0f, 44O0, 11X3, 14C0, 64P2f, 52Z1f, 35L3
17jul, 31J3, 13T0f, 11X3, 55O1, 44L1, 52Z1f, 14P0f, 16C3
18jul, 31J3, 44C2, 13T0f, 11X3, 64P2f, 52Z1f, 35L3, 14O0
19jul, 31J3, 13T0f, 11X3, 64P2f, 52Z1f, 44C0, 35L3, 14O0
20jul, 31J3, 14P3, 13T0f, 11X3, 44L1, 55C3, 52Z1f, 16O1
21jul, 31J3, 14C3, 11X3, 44L1, 13T0, 52Z1f, 16O1, 55P3
22jul, 31J3, 14C3, 11X3, 55O1, 44L1, 13T0, 52Z1f, 26P1f
23jul, 14P3, 31J3, 13T0f, 11X3, 55O1, 44L1, 52Z1f, 16C3
24jul, 31J3, 11X3, 43T2f, 55O1, 13P3f, 25C1, 15L0, 52Z1f
25jul, 31J3, 44P0f, 15L0, 64O0, 32T3f, 42X3, 11C2, 14Z0
26jul, 31J3, 15L0, 64O0, 32T3f, 42X3, 11C2, 14Z0, 44P0
27jul, 31J3, 15L0, 44O0, 32T3f, 42X3, 11C2, 14Z0, 64P0f
28jul, 31J3, 15L0, 44O0, 64P0, 32T3f, 42X3, 11C2, 14Z0
29jul, 65P1f, 34J0, 14O0, 31L1, 43T3, 11C2, 42Z0, 61X2f
30jul, 14J2, 43T1, 25P0f, 55O1, 31L1, 11C2, 42Z0, 61X2f
31jul, 14J2, 43T1, 55O1, 25P0, 31L1, 11C2, 42Z0, 61X2f
01aug, 41X2, 75J3f, 51Z0, 52L0, 11C1, 23P2, 16O1, 44T2f
02aug, 41X2, 75J3f, 51Z0, 52L0, 13P2f, 11C1, 16O1, 44T2f
03aug, 14J1f, 51Z0, 31P0f, 74L3, 11C0, 25T0f, 16O1, 52X2f
04aug, 14J1f, 51Z0, 74L3, 11C0, 31P0, 25T0f, 16O1, 52X2f
05aug, 31J1f, 33Z1, 54P1, 43L3, 42X1, 11C0, 16O1, 55T2f
06aug, 21Z0, 73P2, 52L3, 41C1, 14J1, 11X2f, 16O1, 55T2f
07aug, 21Z0, 63P2f, 52L3, 41C1, 14J1, 11X2f, 16O1, 55T2f
08aug, 21Z0, 63O0, 15J1f, 52L3, 41C1, 11X2f, 26P1f, 55T2f
09aug, 21Z0, 34P2, 52X0f, 44O0, 73J0, 11T3, 41C1, 15L0
10aug, 21Z0, 52X0f, 44O0, 73J0, 11T3, 41C1, 15L0, 24P2f
11aug, 54P2, 21Z0, 52X0f, 73J0, 11T3, 41C1, 15L0, 24O0
12aug, 21Z0, 52X0f, 73J0, 11T3, 44P2f, 41C1, 15L0, 24O0
13aug, 21Z0, 11T3, 45X3, 25P3, 53J3f, 41O1, 15L0, 63C2
14aug, 21Z0, 63C0, 11T3, 45X3, 25P3, 53J3f, 41O1, 15L0
15aug, 21Z0, 35P1, 63J2f, 24L1, 53X0f, 11T3, 41O1, 16C3
16aug, 21Z0, 24C2, 63J2f, 53X0f, 11T3, 44P2f, 41O1, 15L0
17aug, 21Z0, 24C0, 63J2f, 53X0f, 11T3, 44P2f, 41O1, 15L0
18aug, 21Z0, 63O0, 14J0f, 25P0f, 52L3, 41C1, 11X2f, 55T2f
19aug, 21Z0, 63P0f, 52L3, 65T2, 41C1, 14J1, 11X2f, 16O1
20aug, 21Z0, 63P0f, 52L3, 41C1, 11X2f, 14J1, 16O1, 55T2f
21aug, 21Z0, 63P0, 52L3, 41C1, 14J1, 11X2f, 16O1, 55T2f
22aug, 21Z0, 63O0, 52L3, 41C1, 14J1, 11X2f, 26P1f, 55T2f
23aug, 21Z0, 52X0f, 24P0f, 73J0, 44O0, 11T3, 41C1, 15L0
24aug, 21Z0, 24P0, 52X0f, 44O0, 73J0, 11T3, 41C1, 15L0
25aug, 21Z0, 44P0f, 52X0f, 73J0, 11T3, 41C1, 15L0, 24O0
26aug, 21Z0, 52X0f, 73J0, 11T3, 41C1, 15L0, 44P0, 24O0
27aug, 25L1, 55Z1, 14J2, 13T0f, 11C1, 41O1, 64P0f, 53X3f
28aug, 25L1, 55Z1, 14J2, 13T0f, 64P0, 11C1, 41O1, 53X3f
29aug, 34J0, 14P2f, 74L3, 13T0, 11C1, 41O1, 64Z1, 53X3f
30aug, 14J2, 13T0f, 25P0f, 74L3, 11C1, 41O1, 64Z1, 53X3f
31aug, 14J2, 13T0f, 74L3, 25P0, 11C1, 41O1, 64Z1, 53X3f
01sep, 31J3, 33O0, 15L0, 54C1, 11P0f, 65T2, 42X3, 14Z0
02sep, 31J3, 33O0, 11P0, 15L0, 54C1, 65T2, 42X3, 14Z0
03sep, 31J3, 15L0, 43P2, 11O0, 54C1, 65T2, 14Z0, 42X3
04sep, 31J3, 15L0, 11O0, 54C1, 65T2, 42X3, 33P2f, 14Z0
05sep, 15L0, 73T1f, 11O0, 54C0, 31J2f, 51P0f, 14Z0, 33X2f
06sep, 15L0, 73T1f, 11O0, 54C0, 31J2f, 51P0, 14Z0, 33X2f
07sep, 15L0, 11O0, 53T3, 31J2f, 51P0f, 14Z0, 33X2f, 64C2
08sep, 51Z0, 21X1, 53T3, 64C2, 33J2f, 11P2f, 15L0, 24O0
09sep, 51Z0, 21X1, 11T3f, 43P0, 64O0, 55J3f, 15L0, 23C2
10sep, 23C0, 51Z0, 21X1, 11T3f, 43P0, 64O0, 55J3f, 15L0
11sep, 25J1, 51Z0, 21X1, 11T3f, 64O0, 43C2, 15L0, 23P0f
12sep, 25J1, 51Z0, 21X1, 11T3f, 64O0, 43C0, 15L0, 23P0f
13sep, 25J1, 51Z0, 11O0, 52T1f, 74P2, 14X1, 31C2, 15L0
14sep, 25J1, 51Z0, 15L0, 11O0, 52T1f, 14X1, 31C2, 64P2f
15sep, 35P1, 51Z0, 21X1, 11T3f, 24L1, 64O0, 16C3, 23J3
16sep, 24C2, 51Z0, 21X1, 11T3f, 64O0, 44P2f, 15L0, 23J3
17sep, 24C0, 51Z0, 21X1, 11T3f, 64O0, 44P2f, 15L0, 23J3
18sep, 44C2, 34P2, 51Z0, 21X1, 11T3f, 64O0, 15L0, 23J1f
19sep, 34P2, 51Z0, 21X1, 11T3f, 64O0, 15L0, 23J1f, 44C0
20sep, 35P0, 51Z0, 21X1, 11T3f, 15O0, 34L2, 23J1f, 64C2
21sep, 35P0, 64C0, 51Z0, 21X1, 11T3f, 15O0, 34L2, 23J1f
22sep, 35P0, 51Z0, 21X1, 11T3f, 64O0, 34L2, 23J1f, 15C2
23sep, 35P0, 51Z0, 21X1, 11T3f, 64O0, 15C0, 34L2, 23J1f
24sep, 51Z0, 21X1, 11T3f, 64O0, 43J2f, 25C1, 23P3, 15L0
25sep, 51Z0, 21X1, 11T3f, 64O0, 23J2, 15L0, 35C1, 43P1f
26sep, 14J3, 52T1, 51Z0, 64O0, 16P3, 15X1, 11L0, 21C1
27sep, 52T1, 51Z0, 14J1f, 25X1, 64P0f, 16O1, 11L0, 21C1
28sep, 52T1, 51Z0, 14J1f, 64P0, 25X1, 16O1, 11L0, 21C1
29sep, 52T1, 51Z0, 14J1f, 64O0, 25X1, 16P1, 11L0, 21C1
30sep, 75J3f, 51Z0, 33L3, 11T0, 16C1, 42O0, 12P2f, 64X1f
01oct, 75J3f, 51Z0, 33L3, 52P2, 12C2, 64X1f, 16O1, 11T0f
02oct, 75J3f, 51Z0, 12C0, 33L3, 52P2, 64X1f, 16O1, 11T0f
03oct, 51Z0, 12J2, 52L0, 23C3, 25X1, 55P1, 16O1, 11T0f
04oct, 14J1f, 51Z0, 52L0, 11T0, 25X1, 55P1, 12C3, 16O1
05oct, 25C3, 55O1, 12X3, 51P0f, 13Z1f, 73J3f, 15L0, 11T0f
06oct, 25C3, 55O1, 12X3, 13Z1f, 51P0, 73J3f, 15L0, 11T0f
07oct, 51O0, 25C3, 44J3, 12X3, 13Z1f, 15L0, 55P3, 11T0f
08oct, 24P0, 31C1, 61X2, 11O0, 65J3f, 15L0, 33Z0, 73T1
09oct, 31C1, 34P2, 61X2, 22Z1f, 11J2, 45O1, 15L0, 73T1
10oct, 31C1, 61X2, 22Z1f, 11J2, 45O1, 15L0, 24P2f, 73T1
11oct, 11J0f, 31C1, 61X2, 21L0, 45O1, 34Z1, 26P1f, 73T1
12oct, 31C1, 34J2, 11Z0, 45O1, 61L3, 15P2f, 73T1, 12X2f
13oct, 31J1f, 52Z0f, 11O0, 33X1f, 15L0, 55T2f, 63C2, 25P3f
14oct, 31J1f, 52Z0f, 63C0, 11O0, 33X1f, 15L0, 55T2f, 25P3f
15oct, 31J1f, 14C2, 11O0, 74L3, 62T3f, 44P1f, 52Z1, 36X1f
16oct, 31J1f, 11O0, 74L3, 14C0, 62T3f, 44P1f, 52Z1, 36X1f
17oct, 31J3, 32C3, 11O0, 14P2f, 74L3, 63Z0f, 24T0f, 36X1f
18oct, 31J3, 32C3, 11O0, 14P2f, 24T0, 74L3, 63Z0f, 36X1f
19oct, 31J2, 51Z0, 43T1f, 11O0, 74L3, 14P0f, 16C3, 52X2f
20oct, 32L3, 31J3, 52T2f, 55Z1, 11O0, 44X1f, 15P2f, 64C2
21oct, 31J3, 32L3, 52T2f, 64C0, 55Z1, 11O0, 44X1f, 15P2f
22oct, 32L3, 31J3, 52T2f, 55Z1, 11O0, 44X3f, 74P2, 15C2
23oct, 32L3, 31J3, 52T2f, 55Z1, 11O0, 44X3f, 74P2, 15C0
24oct, 21J3, 61X2, 16P3, 23C3, 13L0, 45O1, 11Z1f, 73T1
25oct, 21J3, 61X2, 23C3, 13L0, 16O1, 45P1, 11Z1f, 73T1
26oct, 61T3, 21J3, 53X2, 23C3, 13L0, 74P2, 16O1, 11Z1f
27oct, 21J3, 61X2, 23C3, 13L0, 45P3f, 16O1, 11Z1f, 73T1
28oct, 54P2, 21J3, 23C3, 13L0, 73X2, 61T1f, 16O1, 11Z1f
29oct, 21J3, 61X2, 23C3, 13L0, 45O1, 16P1, 73T1, 11Z1f
30oct, 43Z0, 61T3, 31C1, 14J2, 33X0f, 25P0f, 11O0, 74L3
31oct, 43Z0, 61T3, 31C1, 33X0f, 14J2, 11O0, 74L3, 25P0
01nov, 31O0, 51Z0, 14J2, 25C0, 74L3, 11P0f, 45X3f, 53T2
02nov, 31O0, 51Z0, 11P0, 14J2, 25C0, 74L3, 45X3f, 53T2
03nov, 51Z0, 14J2, 25C0, 31P0f, 11O0, 74L3, 45X3f, 53T2
04nov, 51Z0, 14J2, 25C0, 11O0, 74L3, 45X3f, 31P0, 53T2
05nov, 51Z0, 14J2, 25C0, 11O0, 74L3, 43T2f, 45X3f, 31P0
06nov, 34Z0, 25O0, 14J2, 22P3, 11L1, 41C1, 53X2f, 73T1
07nov, 14J2, 11P3f, 74L3, 41C1, 53X1f, 32T2, 64Z1, 25O0
08nov, 15O0, 11P3f, 24J2f, 74L3, 41C1, 32T2, 64Z1, 53X3f
09nov, 13T0f, 14J0f, 25P0f, 74L3, 11O1, 41C1, 64Z1, 53X3f
10nov, 14J0f, 25P0f, 74L3, 11O1, 13T0, 41C1, 64Z1, 53X3f
11nov, 31J3, 63P0f, 12Z1f, 11X3, 65T2, 43C2, 35L3, 14O0
12nov, 31J3, 63P0f, 12Z1f, 11X3, 65T2, 43C0, 35L3, 14O0
13nov, 31J3, 43P0, 12Z1f, 11X3, 35L3, 55T2f, 63C2, 14O0
14nov, 31J3, 43P0, 12Z1f, 63C0, 11X3, 55T2f, 35L3, 14O0
15nov, 31J3, 43P0, 12Z1f, 63O0, 11X3, 14C2, 35L3, 55T2f
16nov, 31J3, 43P0, 12Z1f, 63O0, 11X3, 14C0, 35L3, 55T2f
17nov, 11J3, 53T1, 51Z0, 13P3, 25C3, 64O0, 15L0, 12X1
18nov, 11J3, 12L1, 44C2, 51Z0, 64O0, 23T0, 24X0f, 15P2f
19nov, 11J3, 12L1, 51Z0, 64O0, 23T0, 24X0f, 15P2f, 44C0
20nov, 11J3, 12L1, 51Z0, 44O0, 64C2, 23T0, 24X0f, 15P2f
21nov, 11J3, 12L1, 64C0, 51Z0, 44O0, 23T0, 24X0f, 15P2f
22nov, 11J3, 53P2f, 51Z0, 32T3f, 74L3, 12O0, 44X2, 15C2
23nov, 11J3, 53P2f, 51Z0, 32T3f, 74L3, 12O0, 15C0, 44X2
24nov, 11J3, 51Z0, 23T1, 55O1, 43X3, 34P0f, 15L0, 12C1
25nov, 11J3, 51Z0, 34P0, 23T1, 55O1, 43X3, 15L0, 12C1
26nov, 11J3, 51Z0, 23T1, 55P1, 43X3, 15L0, 34O0, 12C1
27nov, 53J0, 51Z0, 44X0, 15O0, 11T3, 22C2, 64P0f, 21L2
28nov, 53J0, 51Z0, 44X0, 15O0, 64P0, 11T3, 22C2, 21L2
29nov, 15P0f, 53J0, 51Z0, 44X0, 64O0, 21L2, 11T3, 22C2
30nov, 15P0, 53J0, 51Z0, 44X0, 64O0, 11T3, 22C2, 21L2
01dec, 31J1f, 33O0, 15L0, 54C1, 11P0f, 65T2, 42X3, 14Z0
02dec, 31J1f, 33O0, 11P0, 15L0, 54C1, 65T2, 42X3, 14Z0
03dec, 31J1f, 15L0, 43P2, 11O0, 54C1, 65T2, 42X3, 14Z0
04dec, 31J1f, 15L0, 11O0, 54C1, 65T2, 42X3, 33P2f, 14Z0
05dec, 12Z1f, 11X3, 73J0, 43C3, 31T0f, 35L3, 45P3f, 14O0
06dec, 73P2, 22X1, 11C0, 31T0f, 45J1, 33Z1f, 35L3, 14O0
07dec, 63P2f, 22X1, 11C0, 31T0f, 45J1, 33Z1f, 35L3, 14O0
08dec, 63O0, 22X1, 11C0, 31T0f, 45J1, 33Z1f, 35L3, 24P2
09dec, 63O0, 14P2f, 22X1, 11C0, 31T0f, 45J1, 33Z1f, 35L3
10dec, 14J2, 22P1, 74L3, 11C0, 31T0f, 63Z0f, 53X0, 25O0
11dec, 63P0, 75J3f, 12Z1f, 11X3, 31T0f, 43C2, 35L3, 14O0
12dec, 63P0, 75J3f, 12Z1f, 11X3, 31T0f, 43C0, 35L3, 14O0
13dec, 12Z1f, 11X3, 31T0f, 45J1, 35L3, 43P0f, 63C2, 14O0
14dec, 12Z1f, 63C0, 11X3, 14O0, 45J1, 31T0f, 35L3, 43P0f
15dec, 12Z1f, 63O0, 11X3, 14C2, 45J1, 31T0f, 35L3, 43P0f
16dec, 12Z1f, 63O0, 11X3, 14C0, 45J1, 31T0f, 35L3, 43P0f
17dec, 12Z1f, 63O0, 11X3, 31T0f, 43J2, 54L0, 14P0f, 16C3
18dec, 44C2, 12Z1f, 11X3, 14O0, 43J3, 31T0f, 64P2f, 35L3
19dec, 12Z1f, 11X3, 43J3, 31T0f, 64P2f, 44C0, 35L3, 14O0
20dec, 63P0f, 22X1, 11C0, 31T0f, 45J1, 33Z1f, 35L3, 14O0
21dec, 63P0, 22X1, 11C0, 31T0f, 45J1, 33Z1f, 35L3, 14O0
22dec, 63O0, 22X1, 11C0, 31T0f, 45J1, 33Z1f, 35L3, 14P0f
23dec, 14P0, 63O0, 22X1, 11C0, 31T0f, 45J1, 33Z1f, 35L3
24dec, 15L0, 11J2, 31T0, 25C1, 22O0, 64P2f, 52Z1f, 43X0f
25dec, 11J2, 33X3, 22C0, 31T0, 55O1, 15L0, 52Z1f, 25P3f
26dec, 11J2, 33X3, 55P1, 22C0, 31T0, 25O1, 15L0, 52Z1f
27dec, 55Z1, 15O0, 11J2, 33C0, 31T0f, 64P0f, 22L1, 53X3f
28dec, 55Z1, 15O0, 11J2, 64P0, 33C0, 31T0f, 22L1, 53X3f
29dec, 15P0f, 55Z1, 11J2, 64O0, 33C0, 31T0f, 22L1, 53X3f
30dec, 15P0, 55Z1, 11J2, 64O0, 33C0, 31T0f, 22L1, 53X3f
31dec, 21Z1f, 35P1, 24C0, 64O0, 14J0f, 31T0f, 11L0, 53X3f
